url,pr_group,ref_pattern,prod_file,location
https://github.com/Activiti/Activiti/pull/584,incl_ref_for_test,extract_method_for_override,modules/activiti-engine/src/main/java/org/activiti/engine/impl/persistence/entity/UserEntity.java,https://github.com/Activiti/Activiti/pull/584/files?diff=split&w=1#diff-9c85e33a00abba9ba6b6b9d2111b8d440676a0e43704a745449ff5cc80caf97cR40
https://github.com/Activiti/Activiti/pull/584,incl_ref_for_test,extract_method_for_override,modules/activiti-engine/src/main/java/org/activiti/engine/impl/persistence/entity/UserEntity.java,https://github.com/Activiti/Activiti/pull/584/files?diff=split&w=1#diff-9c85e33a00abba9ba6b6b9d2111b8d440676a0e43704a745449ff5cc80caf97cR45
https://github.com/Alluxio/alluxio/pull/1629,incl_ref_for_test,widen_access_for_invocation,servers/src/main/java/tachyon/master/block/BlockMaster.java,https://github.com/Alluxio/alluxio/pull/1629/files?diff=split&w=1#diff-05f6d61b3485c9cae64cdb03bd18f3fadf5edc4c7eeb0a00846545fbe323dea1R92
https://github.com/Alluxio/alluxio/pull/3818,only_ref_for_test,create_constructor,core/client/src/main/java/alluxio/client/netty/NettyRemoteBlockReader.java,https://github.com/Alluxio/alluxio/pull/3818/files#diff-cc3b10453fa5d1d353abbbbc7d0deb9fa3eed89e499729fedf932d32a01acd43R64
https://github.com/ankidroid/Anki-Android/pull/5996,only_ref_for_test,widen_access_for_invocation,AnkiDroid/src/main/java/com/ichi2/anki/AbstractFlashcardViewer.java,https://github.com/ankidroid/Anki-Android/pull/5996/files#diff-76eaf6fee9aa0f3198591dcc660995763061eb0ac958576c81eb22dd509032c5R43
https://github.com/apache/druid/pull/2102,incl_ref_for_test,widen_access_for_invocation,server/src/main/java/io/druid/client/cache/CacheMonitor.java,https://github.com/apache/druid/pull/2102/files?diff=split&w=1#diff-e950e106eae9e2f26999124f3fae7e88634a16107ee35a04069d87fa41ad1826R28
https://github.com/apache/incubator-heron/pull/1889,incl_ref_for_test,add_constructor_param,heron/metricsmgr/src/java/com/twitter/heron/metricsmgr/sink/WebSink.java,https://github.com/apache/incubator-heron/pull/1889/files#diff-b2ccdca755c3f7791879246ff6b92e87c3ea784e57751ae3fd3f315cce5ebc39R98
https://github.com/apache/incubator-heron/pull/536,incl_ref_for_test,extract_method_for_override,heron/schedulers/src/java/com/twitter/heron/scheduler/local/LocalScheduler.java,https://github.com/apache/incubator-heron/pull/536/files#diff-820861ac4ea7086f46317314e8059c00f57b88654a5686ecd12f05ba8c1923fbR83
https://github.com/apache/incubator-heron/pull/691,incl_ref_for_test,extract_method_for_override,heron/scheduler-core/src/java/com/twitter/heron/scheduler/RuntimeManagerMain.java,https://github.com/apache/incubator-heron/pull/691/files#diff-9e584d73f147296cc864a9a993a8bfbc8527e71c7d9b8e83b741c42a89605af0R117
https://github.com/apache/incubator-heron/pull/691,incl_ref_for_test,extract_method_for_override,heron/scheduler-core/src/java/com/twitter/heron/scheduler/RuntimeManagerMain.java,https://github.com/apache/incubator-heron/pull/691/files#diff-9e584d73f147296cc864a9a993a8bfbc8527e71c7d9b8e83b741c42a89605af0R109
https://github.com/apache/incubator-heron/pull/691,incl_ref_for_test,create_constructor,heron/scheduler-core/src/java/com/twitter/heron/scheduler/RuntimeManagerMain.java,https://github.com/apache/incubator-heron/pull/691/files#diff-9e584d73f147296cc864a9a993a8bfbc8527e71c7d9b8e83b741c42a89605af0R45
https://github.com/apache/incubator-heron/pull/694,incl_ref_for_test,extract_method_for_override,heron/scheduler-core/src/java/com/twitter/heron/scheduler/RuntimeManagerMain.java,https://github.com/apache/incubator-heron/pull/694/files?diff=split&w=1#diff-77f1245f023be9c064b1fcb1e3ceeb1ad11b0225e3cdc46f4e51cfd91fb2360fR151
https://github.com/apache/kafka/pull/5210,incl_ref_for_test,extract_method_for_override,streams/src/main/java/org/apache/kafka/streams/processor/internals/TaskManager.java,https://github.com/apache/kafka/pull/5210/files#diff-e75351ae918dc9830b36a2c407203bfc4212ef78a658f053a2905e312ed47edfR1349
https://github.com/apache/rocketmq/pull/198,incl_ref_for_test,extract_method_for_override,store/src/main/java/org/apache/rocketmq/store/MappedFile.java,https://github.com/apache/rocketmq/pull/198/files?diff=split&w=1#diff-888e25c81c467714bdeb51d54b8e3b952a506af0f7650c79533fbe315fb9ed6eR200
https://github.com/apache/tomee/pull/422,only_ref_for_test,widen_access_for_invocation,container/openejb-core/src/main/java/org/apache/openejb/config/CmpJpaConversion.java,https://github.com/apache/tomee/pull/422/files#diff-e305eaa466766decb966f788ed2a40c345528f0fc58993a1d29b69ffd2f5e009R265
https://github.com/azkaban/azkaban/pull/1765,only_ref_for_test,extract_class_for_invocation,az-core/src/main/java/azkaban/utils/ExecutorServiceUtils.java,https://github.com/azkaban/azkaban/pull/1765/files#diff-810b005e9b0d6b7fc9f37a074e371c2db7e54b0f895b9ebd399287da6b0ba7e0R91
https://github.com/azkaban/azkaban/pull/1765,only_ref_for_test,widen_access_for_invocation,azkaban-exec-server/src/main/java/azkaban/dag/DagService.java,https://github.com/azkaban/azkaban/pull/1765/files#diff-810b005e9b0d6b7fc9f37a074e371c2db7e54b0f895b9ebd399287da6b0ba7e0R97
https://github.com/azkaban/azkaban/pull/1975,only_ref_for_test,extract_method_for_invocation,azkaban-common/src/main/java/azkaban/executor/ExecutorApiGateway.java,https://github.com/azkaban/azkaban/pull/1975/files#diff-45e3771b550c3827748cc32d0c60f4c852a90ae1918bde8dbbd25eaa76ded288R128
https://github.com/azkaban/azkaban/pull/1975,only_ref_for_test,override_system_time,azkaban-common/src/main/java/azkaban/executor/RunningExecutionsUpdater.java,https://github.com/azkaban/azkaban/pull/1975/files#diff-2d87c6fd865081ff5397628a7b3db37042e787e0762d9cb939811e202a60473fR175
https://github.com/azkaban/azkaban/pull/2528,incl_ref_for_test,widen_access_for_invocation,azkaban-common/src/main/java/azkaban/executor/ExecutorHealthChecker.java,https://github.com/azkaban/azkaban/pull/2528/files?diff=split&w=1#diff-8beb873d10a877ad94d262c14da7047f588c52dfea8997d0044c7199f2b12ea8R186
https://github.com/blackducksoftware/blackduck-alert/pull/76,incl_ref_for_test,extract_method_for_invocation,,https://github.com/blackducksoftware/blackduck-alert/pull/76/files?diff=split&w=1#diff-205490c220d1f64640088a0ad4ee19b99096febca1ae4342293b0f974597c48aR264
https://github.com/buchen/portfolio/pull/1503,only_ref_for_test,extract_method_for_override,"name.abuchen.portfolio/src/name/abuchen/portfolio/online/impl/AlphavantageQuoteFeed.java, name.abuchen.portfolio/src/name/abuchen/portfolio/online/impl/YahooFinanceQuoteFeed.java",https://github.com/buchen/portfolio/pull/1503/files#diff-5e881646e22fdc58fe0aa4911083d331fc90e7798b8a5b3e3383c86c784fc759R83
https://github.com/checkstyle/checkstyle/pull/1324,incl_ref_for_test,extract_method_for_invocation,src/main/java/com/puppycrawl/tools/checkstyle/checks/indentation/HandlerFactory.java,https://github.com/checkstyle/checkstyle/pull/1324/files#diff-26abaca790e2832017caeeddcfb38673e767eef2e4e44b3114a217f4e99fdec4R348
https://github.com/checkstyle/checkstyle/pull/1365,incl_ref_for_test,widen_access_for_invocation,src/main/java/com/puppycrawl/tools/checkstyle/Utils.java,https://github.com/checkstyle/checkstyle/pull/1365/files#diff-26abaca790e2832017caeeddcfb38673e767eef2e4e44b3114a217f4e99fdec4R377
https://github.com/CIRDLES/Topsoil/pull/162,only_ref_for_test,extract_method_for_invocation,src/main/java/org/cirdles/topsoil/app/utils/SVGSaver.java,https://github.com/CIRDLES/Topsoil/pull/162/files#diff-09a3faa4ad34d218bef2083e380a7ba75ab8d1a3cea32eacd5f176a6cb5aec5aR111
https://github.com/citrusframework/citrus/pull/563,only_ref_for_test,extract_class_for_invocation,modules/citrus-http/src/main/java/com/consol/citrus/http/message/CookieParser.java,https://github.com/citrusframework/citrus/pull/563/files#diff-006f2855402ba98a25b2b1bbaafe439ef61a5f1d2b6a10a379a4b6dab334debcR46
https://github.com/codice/ddf/pull/433,only_ref_for_test,extract_method_for_override,platform/platform-configuration-migration/src/main/java/org/codice/ddf/configuration/admin/ConfigurationAdminMigration.java,https://github.com/codice/ddf/pull/433/files#diff-4b354aa52adbc8836ad652e961db0f26522a7b8470d3f511fa1443de2bd59068R255
https://github.com/dhis2/dhis2-core/pull/1845,incl_ref_for_test,change_data_structure,dhis-2/dhis-services/dhis-service-core/src/main/java/org/hisp/dhis/sms/config/SmsGateway.java,https://github.com/dhis2/dhis2-core/pull/1845/files?diff=split&w=1#diff-715bd5337c5cd2580d261aeacf2332172da25f3508706133bb130e724e7ee444R102
https://github.com/dhis2/dhis2-core/pull/2892,only_ref_for_test,create_constructor,dhis-2/dhis-services/dhis-service-core/src/main/java/org/hisp/dhis/sms/config/SmsMessageSender.java,https://github.com/dhis2/dhis2-core/pull/2892/files#diff-cae831a7322730eab31218eb7badcf1d4dfaddc53eac0ca2363a8a12e090a75dR85
https://github.com/dropwizard/metrics/pull/516,incl_ref_for_test,extract_class_for_override,metrics-core/src/main/java/com/codahale/metrics/JmxReporter.java,https://github.com/dropwizard/metrics/pull/516/files?diff=split&w=1#diff-77404fc98b2af4ff4f2d91472bb0cd19f1b6f5c86be4ce61acd1922638f6d54cR105
https://github.com/firebase/firebase-android-sdk/pull/1630,incl_ref_for_test,extract_attribute_for_assertion,firebase-crashlytics/src/main/java/com/google/firebase/crashlytics/internal/analytics/BlockingAnalyticsEventLogger.java,https://github.com/firebase/firebase-android-sdk/pull/1630/files#diff-d7c8f2a4d64d43cf147e8d6fc1696e618cc471c3c94d5af5a996e41275563773R92
https://github.com/firebase/firebase-android-sdk/pull/217,incl_ref_for_test,extract_class_for_override,firebase-firestore/src/main/java/com/google/firebase/firestore/remote/RemoteStore.java,https://github.com/firebase/firebase-android-sdk/pull/217/files?diff=split&w=1#diff-c7d3374444dbf8d5868c2367b77fd52fe7608c08880160b817b272fe396cf9e6R75
https://github.com/flightstats/hub/pull/1131,only_ref_for_test,extract_class_for_invocation,src/main/java/com/flightstats/hub/metrics/MetricRegistryProvider.java,https://github.com/flightstats/hub/pull/1131/files#diff-4b9f406d6492eb3c4bd66ed479596f74bd472468c09041c57754adb18286604aR90
https://github.com/getodk/collect/pull/2489,only_ref_for_test,extract_method_for_override,collect_app/src/main/java/org/odk/collect/android/widgets/BearingWidget.java,https://github.com/getodk/collect/pull/2489/files#diff-534710b4c3fe9ad0c57094cbddd209e530ba4b84688334aa3c5b1494ae367454R86
https://github.com/getodk/collect/pull/2489,only_ref_for_test,widen_access_for_override,collect_app/src/main/java/org/odk/collect/android/widgets/BearingWidget.java,https://github.com/getodk/collect/pull/2489/files#diff-534710b4c3fe9ad0c57094cbddd209e530ba4b84688334aa3c5b1494ae367454R132
https://github.com/GoogleCloudPlatform/cloud-opensource-java/pull/349,incl_ref_for_test,extract_method_for_override,dependencies/src/main/java/com/google/cloud/tools/opensource/classpath/StaticLinkageCheckOption.java,https://github.com/GoogleCloudPlatform/cloud-opensource-java/pull/349/files#diff-7c09eed805ddb41c99b57feea50bf5d59b95d17815a84f6a3861452d9b571d04R40
https://github.com/GoogleCloudPlatform/cloud-opensource-java/pull/743,incl_ref_for_test,extract_method_for_invocation,linkage-monitor/src/main/java/com/google/cloud/tools/dependencies/linkagemonitor/LinkageMonitor.java,https://github.com/GoogleCloudPlatform/cloud-opensource-java/pull/743/files?diff=split&w=1#diff-8c1334b01760dd12687bfdc53187665681b33a434814ad824e501a3493a04373R144
https://github.com/GoogleCloudPlatform/cloud-opensource-java/pull/743,incl_ref_for_test,extract_method_for_invocation,linkage-monitor/src/main/java/com/google/cloud/tools/dependencies/linkagemonitor/LinkageMonitor.java,https://github.com/GoogleCloudPlatform/cloud-opensource-java/pull/743/files?diff=split&w=1#diff-8c1334b01760dd12687bfdc53187665681b33a434814ad824e501a3493a04373R157
https://github.com/grpc/grpc-java/pull/1270,incl_ref_for_test,widen_access_for_invocation,core/src/main/java/io/grpc/internal/ServerCallImpl.java,https://github.com/grpc/grpc-java/pull/1270/files#diff-eb52e5439a3edc906eefac835a8df6f59a3aa9f19a9ec5ed62024fa19bcda4ecR135
https://github.com/grpc/grpc-java/pull/3029,incl_ref_for_test,widen_access_for_override,core/src/main/java/io/grpc/internal/AbstractManagedChannelImplBuilder.java,https://github.com/grpc/grpc-java/pull/3029/files?diff=split&w=1#diff-daee08ff4a4ba923599b66efc890057364c2e38046e102a5c968ffb72ea772dbR194
https://github.com/grpc/grpc-java/pull/3094,incl_ref_for_test,inject_dependency,core/src/test/java/io/grpc/internal/ServerImplTest.java,https://github.com/grpc/grpc-java/pull/3094/files#diff-18f2014d08f971729a6422e80eae0ce16dab9639129ac4522d9a4c75cb1a420cR551
https://github.com/hcoles/pitest/pull/633,incl_ref_for_test,extract_class_for_invocation,pitest-command-line/src/main/java/org/pitest/mutationtest/commandline/MutationCoverageReport.java,https://github.com/hcoles/pitest/pull/633/files#diff-d7b188bb27b4b45bd0f761b0d2b364772993b0886f15b522412b5889cc28bc85R36
https://github.com/hmcts/idam-web-public/pull/196,only_ref_for_test,extract_method_for_invocation,src/main/java/uk/gov/hmcts/reform/idam/web/AppController.java,https://github.com/hmcts/idam-web-public/pull/196/files#diff-d93287afc1cbdc3eff5dd0907d0b70b934aa349ac8b3fe440fbb5dfcf849ea93R361
https://github.com/ikasanEIP/ikasan/pull/7,incl_ref_for_test,extract_method_for_override,ikasaneip/component/endpoint/quartz-schedule/src/main/java/org/ikasan/component/endpoint/quartz/consumer/ScheduledConsumer.java,https://github.com/ikasanEIP/ikasan/pull/7/files#diff-b138a55b1b35d190f52910a6543b72bc5de5562dfda3c400d392dc1961c36d10R268
https://github.com/jchambers/pushy/pull/43,incl_ref_for_test,extract_method_for_override,src/main/java/com/relayrides/pushy/apns/PushManager.java,https://github.com/jchambers/pushy/pull/43/files#diff-19fde06362be0daf2b96f5b5ed361775e6646dd7a1e47875f5cc868966d4a33dR431
https://github.com/jenkinsci/gitlab-plugin/pull/335,incl_ref_for_test,widen_access_for_invocation,src/main/java/com/dabsquared/gitlabjenkins/webhook/ActionResolver.java,https://github.com/jenkinsci/gitlab-plugin/pull/335/files#diff-373f3bc3bec91ae5d8397f8136a2c2d260a65617cd2f719537bc240e56119cbcR140
https://github.com/jenkinsci/xldeploy-plugin/pull/10,only_ref_for_test,add_param_for_override,src/main/java/com/xebialabs/deployit/ci/GeneratedLocation.java,https://github.com/jenkinsci/xldeploy-plugin/pull/10/files?diff=split&w=1#diff-e64691adba083ef8feb7b050b3ca3016f3e15869d24ca83bdec69b99cc7f8f8cR54
https://github.com/jmxtrans/jmxtrans/pull/171,only_ref_for_test,extract_class_for_invocation,src/com/googlecode/jmxtrans/jmx/JmxResultProcessor.java,https://github.com/jmxtrans/jmxtrans/pull/171/files#diff-d97fe6da56ad6b50374f4cbe77acdfb7b6db47e30070cb54936ca8638fcee6d3R191
https://github.com/jmxtrans/jmxtrans/pull/291,incl_ref_for_test,extract_class_for_invocation,jmxtrans-utils/src/main/java/com/googlecode/jmxtrans/util/ObjectToDouble.java,https://github.com/jmxtrans/jmxtrans/pull/291/files#diff-eab83fa0733a630b3948817a9b7179b28cfe47aa47a3555a876a9a999792d40dR109
https://github.com/jmxtrans/jmxtrans/pull/291,incl_ref_for_test,extract_method_for_override,jmxtrans-output/jmxtrans-output-cloudwatch/src/main/java/com/googlecode/jmxtrans/model/output/CloudWatchWriter.java,https://github.com/jmxtrans/jmxtrans/pull/291/files#diff-cfc0d08fc1541125e3485ee73242c6b50652baa3f9d6e22203a4c262dd8707b4R41
https://github.com/kiegroup/drools-wb/pull/184,incl_ref_for_test,widen_access_for_override,drools-wb-screens/drools-wb-guided-rule-editor/drools-wb-guided-rule-editor-client/src/main/java/org/drools/workbench/screens/guided/rule/client/editor/ConstraintValueEditor.java,https://github.com/kiegroup/drools-wb/pull/184/files?diff=split&w=1#diff-90c28778706543a6f5e6929d07852b712a1238915f521944180de88c4dc9620fR102
https://github.com/kiegroup/drools-wb/pull/184,incl_ref_for_test,widen_access_for_override,drools-wb-screens/drools-wb-guided-rule-editor/drools-wb-guided-rule-editor-client/src/main/java/org/drools/workbench/screens/guided/rule/client/editor/ConstraintValueEditor.java,https://github.com/kiegroup/drools-wb/pull/184/files?diff=split&w=1#diff-90c28778706543a6f5e6929d07852b712a1238915f521944180de88c4dc9620fR107
https://github.com/kiegroup/drools-wb/pull/184,incl_ref_for_test,extract_method_for_override,drools-wb-screens/drools-wb-guided-rule-editor/drools-wb-guided-rule-editor-client/src/main/java/org/drools/workbench/screens/guided/rule/client/editor/ConstraintValueEditor.java,https://github.com/kiegroup/drools-wb/pull/184/files?diff=split&w=1#diff-90c28778706543a6f5e6929d07852b712a1238915f521944180de88c4dc9620fR97
https://github.com/kiegroup/drools-wb/pull/203,incl_ref_for_test,extract_method_for_override,drools-wb-screens/drools-wb-guided-rule-editor/drools-wb-guided-rule-editor-client/src/main/java/org/drools/workbench/screens/guided/rule/client/editor/AttributeSelectorPopup.java,https://github.com/kiegroup/drools-wb/pull/203/files?diff=split&w=1#diff-bb2a3df0fd909cd5ef7cd2cbe01dc42648a1ea72d1ddc83e59c03c3041f9a42fR87
https://github.com/kiegroup/drools-wb/pull/203,incl_ref_for_test,extract_method_for_override,drools-wb-screens/drools-wb-guided-rule-editor/drools-wb-guided-rule-editor-client/src/main/java/org/drools/workbench/screens/guided/rule/client/editor/AttributeSelectorPopup.java,https://github.com/kiegroup/drools-wb/pull/203/files?diff=split&w=1#diff-bb2a3df0fd909cd5ef7cd2cbe01dc42648a1ea72d1ddc83e59c03c3041f9a42fR134
https://github.com/kiegroup/drools-wb/pull/203,incl_ref_for_test,extract_method_for_override,drools-wb-screens/drools-wb-guided-rule-editor/drools-wb-guided-rule-editor-client/src/main/java/org/drools/workbench/screens/guided/rule/client/editor/AttributeSelectorPopup.java,https://github.com/kiegroup/drools-wb/pull/203/files?diff=split&w=1#diff-bb2a3df0fd909cd5ef7cd2cbe01dc42648a1ea72d1ddc83e59c03c3041f9a42fR124
https://github.com/kiegroup/drools-wb/pull/203,incl_ref_for_test,extract_method_for_override,drools-wb-screens/drools-wb-guided-rule-editor/drools-wb-guided-rule-editor-client/src/main/java/org/drools/workbench/screens/guided/rule/client/editor/AttributeSelectorPopup.java,https://github.com/kiegroup/drools-wb/pull/203/files?diff=split&w=1#diff-bb2a3df0fd909cd5ef7cd2cbe01dc42648a1ea72d1ddc83e59c03c3041f9a42fR129
https://github.com/kiegroup/drools-wb/pull/203,incl_ref_for_test,extract_method_for_override,drools-wb-screens/drools-wb-guided-rule-editor/drools-wb-guided-rule-editor-client/src/main/java/org/drools/workbench/screens/guided/rule/client/editor/AttributeSelectorPopup.java,https://github.com/kiegroup/drools-wb/pull/203/files?diff=split&w=1#diff-bb2a3df0fd909cd5ef7cd2cbe01dc42648a1ea72d1ddc83e59c03c3041f9a42fR139
https://github.com/kiegroup/drools-wb/pull/203,incl_ref_for_test,extract_method_for_override,drools-wb-screens/drools-wb-guided-rule-editor/drools-wb-guided-rule-editor-client/src/main/java/org/drools/workbench/screens/guided/rule/client/editor/AttributeSelectorPopup.java,https://github.com/kiegroup/drools-wb/pull/203/files?diff=split&w=1#diff-bb2a3df0fd909cd5ef7cd2cbe01dc42648a1ea72d1ddc83e59c03c3041f9a42fR144
https://github.com/kiegroup/drools-wb/pull/203,incl_ref_for_test,extract_method_for_override,drools-wb-screens/drools-wb-guided-rule-editor/drools-wb-guided-rule-editor-client/src/main/java/org/drools/workbench/screens/guided/rule/client/editor/AttributeSelectorPopup.java,https://github.com/kiegroup/drools-wb/pull/203/files?diff=split&w=1#diff-bb2a3df0fd909cd5ef7cd2cbe01dc42648a1ea72d1ddc83e59c03c3041f9a42fR149
https://github.com/kiegroup/drools-wb/pull/306,only_ref_for_test,extract_method_for_override,drools-wb-screens/drools-wb-test-scenario-editor/drools-wb-test-scenario-editor-backend/src/main/java/org/drools/workbench/screens/testscenario/backend/server/ScenarioTestEditorServiceImpl.java,https://github.com/kiegroup/drools-wb/pull/306/files?diff=split&w=1#diff-a810c5f8c5f1f0ae194dab8b0a7a9308730a29364938afe3a18258f7de37a81aR253
https://github.com/kiegroup/drools-wb/pull/306,only_ref_for_test,extract_method_for_override,drools-wb-screens/drools-wb-test-scenario-editor/drools-wb-test-scenario-editor-backend/src/main/java/org/drools/workbench/screens/testscenario/backend/server/ScenarioTestEditorServiceImpl.java,https://github.com/kiegroup/drools-wb/pull/306/files?diff=split&w=1#diff-a810c5f8c5f1f0ae194dab8b0a7a9308730a29364938afe3a18258f7de37a81aR257
https://github.com/kiegroup/drools-wb/pull/306,only_ref_for_test,extract_method_for_override,drools-wb-screens/drools-wb-test-scenario-editor/drools-wb-test-scenario-editor-backend/src/main/java/org/drools/workbench/screens/testscenario/backend/server/ScenarioTestEditorServiceImpl.java,https://github.com/kiegroup/drools-wb/pull/306/files?diff=split&w=1#diff-a810c5f8c5f1f0ae194dab8b0a7a9308730a29364938afe3a18258f7de37a81aR261
https://github.com/kiegroup/drools-wb/pull/306,only_ref_for_test,extract_method_for_invocation,drools-wb-screens/drools-wb-test-scenario-editor/drools-wb-test-scenario-editor-backend/src/main/java/org/drools/workbench/screens/testscenario/backend/server/ScenarioTestEditorServiceImpl.java,https://github.com/kiegroup/drools-wb/pull/306/files?diff=split&w=1#diff-a810c5f8c5f1f0ae194dab8b0a7a9308730a29364938afe3a18258f7de37a81aR238
https://github.com/kiegroup/drools-wb/pull/822,incl_ref_for_test,extract_class_for_invocation,drools-wb-screens/drools-wb-guided-rule-editor/drools-wb-guided-rule-editor-client/src/main/java/org/drools/workbench/screens/guided/rule/client/widget/operator/SingleFieldConstraintOperatorSelector.java,https://github.com/kiegroup/drools-wb/pull/822/files#diff-ed2961db4efac2d4b2d65f6e4bb16fa46555a83b5364a36fbc162891cfab3bc9R668
https://github.com/kiegroup/kie-wb-common/pull/277,only_ref_for_test,add_constructor_param,kie-wb-common-screens/kie-wb-common-project-editor/kie-wb-common-project-editor-client/src/main/java/org/kie/workbench/common/screens/projecteditor/client/forms/KSessionsPanel.java,https://github.com/kiegroup/kie-wb-common/pull/277/files#diff-195b466598b765a6a5b7d806b12c6a434c4134715caad6a538ce10daee14b015R52
https://github.com/kiegroup/kie-wb-common/pull/367,only_ref_for_test,widen_access_for_invocation,kie-wb-common-widgets/kie-wb-common-ui/src/main/java/org/kie/workbench/common/widgets/client/widget/LiteralTextBox.java,https://github.com/kiegroup/kie-wb-common/pull/367/files#diff-70765da91dc058f5b1110a8a7e6b4ef3f71cfe1f3e582a9cf82f6b3f05ebf305R34
https://github.com/kiegroup/kie-wb-common/pull/367,only_ref_for_test,extract_method_for_invocation,kie-wb-common-widgets/kie-wb-common-ui/src/main/java/org/kie/workbench/common/widgets/client/widget/LiteralTextBox.java,https://github.com/kiegroup/kie-wb-common/pull/367/files#diff-70765da91dc058f5b1110a8a7e6b4ef3f71cfe1f3e582a9cf82f6b3f05ebf305R50
https://github.com/kiegroup/kie-wb-common/pull/39,only_ref_for_test,extract_method_for_override,kie-wb-common-screens/kie-wb-common-server-ui/kie-wb-common-server-ui-client/src/main/java/org/kie/workbench/common/screens/server/management/client/util/ReadOnlyTextBox.java,https://github.com/kiegroup/kie-wb-common/pull/39/files#diff-1b07691e6127c6ffd724a131f9e18b114394af75ceac94f5f952e0d8758d3723R34
https://github.com/kiegroup/kie-wb-common/pull/39,only_ref_for_test,widen_access_for_invocation,kie-wb-common-screens/kie-wb-common-server-ui/kie-wb-common-server-ui-client/src/main/java/org/kie/workbench/common/screens/server/management/client/util/ReadOnlyTextBox.java,https://github.com/kiegroup/kie-wb-common/pull/39/files#diff-1b07691e6127c6ffd724a131f9e18b114394af75ceac94f5f952e0d8758d3723R11
https://github.com/knowm/XChange/pull/20,only_ref_for_test,extract_method_for_override,xchange-core/src/main/java/com/xeiam/xchange/proxy/RestInvocationHandler.java,https://github.com/knowm/XChange/pull/20/files#diff-e86870907f945dd9ee979cc2db491fea5c6cac1b487949c5dca8f1bb9affaf89R72
https://github.com/line/armeria/pull/310,incl_ref_for_test,extract_method_for_invocation,core/src/main/java/com/linecorp/armeria/client/routing/EndpointGroupRegistry.java,https://github.com/line/armeria/pull/310/files?diff=split&w=1#diff-a6f4cc06cce08b2601f13bb85189af008e8a2e68f4a735986b862a87f84d7638R46
https://github.com/linkedin/ambry/pull/862,incl_ref_for_test,add_constructor_param,ambry-frontend/src/main/java/com.github.ambry.frontend/AmbryBlobStorageService.java,https://github.com/linkedin/ambry/pull/862/files?diff=split&w=1#diff-554d944f3bc88157f7137df89a51895f3fbfb1165038fa279f904e4fe0485c9aR1046
https://github.com/micrometer-metrics/micrometer/pull/765,only_ref_for_test,extract_method_for_override,micrometer-spring-legacy/src/main/java/io/micrometer/spring/autoconfigure/export/graphite/GraphiteMetricsExportAutoConfiguration.java,https://github.com/micrometer-metrics/micrometer/pull/765/files#diff-017c9133845f4af83f15e6420edc98ac42fdf2f379290545ae497ebd6a6c9657R97
https://github.com/Netflix/hollow/pull/219,only_ref_for_test,widen_access_for_override,hollow/src/main/java/com/netflix/hollow/api/producer/HollowProducer.java,https://github.com/Netflix/hollow/pull/219/files#diff-bebff128a4d63e213c3189cfd6488a2035f161c712870be19d80e13448d24a4eR213
https://github.com/novoda/download-manager/pull/26,incl_ref_for_test,extract_class,library/src/main/java/com/novoda/downloadmanager/lib/ConcurrentDownloadsLimitProvider.java,https://github.com/novoda/download-manager/pull/26/files#diff-b10f0f1353c29a39b6d938625cbbdd93eb6881d12be11476d3d86756a886b537R16
https://github.com/ONSdigital/sdx-collect/pull/24,only_ref_for_test,create_method_for_override,src/main/java/com/github/onsdigital/ConfigurationManager.java,https://github.com/ONSdigital/sdx-collect/pull/24/files#diff-8d7ef92643e7fb0552d3d79561526fb5fbf9bab2c88003a83fab0c9f33116489R73
https://github.com/ONSdigital/sdx-collect/pull/24,only_ref_for_test,extract_class_for_invocation,src/main/java/com/github/onsdigital/perkin/helper/TemplateLoader.java,https://github.com/ONSdigital/sdx-collect/pull/24/files#diff-8991dd0a7d1d3af4f7b39e16509667c6b11f4364f0c33ed1f52e6448916f404aR40
https://github.com/OpenLiberty/open-liberty/pull/706,incl_ref_for_test,extract_method_for_override,dev/com.ibm.ws.security.javaeesec.cdi/src/com/ibm/ws/security/javaeesec/cdi/beans/BasicHttpAuthenticationMechanism.java,https://github.com/OpenLiberty/open-liberty/pull/706/files?diff=split&w=1#diff-bd8a43b99104891e5e387ce42628eeb6478130fd8bb235c8d2edbb5a3746dce4R82
https://github.com/openmrs/openmrs-contrib-android-client/pull/335,only_ref_for_test,add_constructor_param,openmrs-client/src/main/java/org/openmrs/mobile/activities/login/LoginPresenter.java,https://github.com/openmrs/openmrs-contrib-android-client/pull/335/files#diff-a08a8672d38137a58f81c992ce9ccda37a3e61904dab74b141977ca364c04836R65
https://github.com/openmrs/openmrs-contrib-android-client/pull/349,only_ref_for_test,add_constructor_param,openmrs-client/src/main/java/org/openmrs/mobile/activities/patientdashboard/vitals/PatientDashboardVitalsPresenter.java,https://github.com/openmrs/openmrs-contrib-android-client/pull/349/files#diff-21e6dfb384292a19172eb526ff517140445ff7d3b3172b95eab5808b63db773fR48
https://github.com/OpenRefine/OpenRefine/pull/2839,incl_ref_for_test,widen_access_for_override,extensions/wikidata/src/org/openrefine/wikidata/qa/WikidataConstraintFetcher.java,https://github.com/OpenRefine/OpenRefine/pull/2839/files#diff-367c88cfad59847336f818d4276255a5c1c23cf155073ae8a5511d8521c3eeeaR59
https://github.com/OryxProject/oryx/pull/164,only_ref_for_test,widen_access_for_invocation,oryx-app-mllib/src/main/java/com/cloudera/oryx/app/mllib/kmeans/SilhouetteCoefficient.java,https://github.com/OryxProject/oryx/pull/164/files#diff-0b2092687a203ffad205378960c0a8539705350bd3332f1717476b8fb3dd8255R162
https://github.com/pentaho/pentaho-metaverse/pull/73,only_ref_for_test,extract_method_for_override,src/main/java/com/pentaho/metaverse/analyzer/kettle/KettleBaseStepAnalyzer.java,https://github.com/pentaho/pentaho-metaverse/pull/73/files#diff-01256412cd29e404a19429f21e99abb89cd4350797d71cff0ed9b3669c7f2d8aR221
https://github.com/pentaho/pentaho-platform/pull/1449,only_ref_for_test,extract_method_for_override,name.abuchen.portfolio/src/name/abuchen/portfolio/online/impl/AlphavantageQuoteFeed.java,https://github.com/pentaho/pentaho-platform/pull/1449/files#diff-307cfab7ed4f8c91d6d74df4ff65b3ad7743ec0815e0f7985f492b2a0c9c9fa7R118
https://github.com/pentaho/pentaho-platform/pull/1707,only_ref_for_test,extract_method_for_invocation,extensions/src/org/pentaho/platform/web/http/api/resources/FileResource.java,https://github.com/pentaho/pentaho-platform/pull/1707/files#diff-6651957cc2a91004e47bc8fd282df79edddc95fbdf2aa1a032abac87109af1bcR53
https://github.com/pentaho/pentaho-platform/pull/1711,incl_ref_for_test,extract_method_for_invocation,extensions/src/org/pentaho/platform/web/http/api/resources/FileResource.java,https://github.com/pentaho/pentaho-platform/pull/1711/files?diff=split&w=1#diff-f50ad1c5f44512efc150354c947f3e36fa13d9d626963af6fde3fe5e346e25aeR63
https://github.com/pentaho/pentaho-platform/pull/1720,only_ref_for_test,extract_method_for_override,extensions/src/org/pentaho/platform/web/http/api/resources/services/FileService.java,https://github.com/pentaho/pentaho-platform/pull/1720/files#diff-6651957cc2a91004e47bc8fd282df79edddc95fbdf2aa1a032abac87109af1bcR264
https://github.com/pentaho/pentaho-platform/pull/1723,incl_ref_for_test,extract_method_for_invocation,extensions/src/org/pentaho/platform/web/http/api/resources/services/FileService.java,https://github.com/pentaho/pentaho-platform/pull/1723/files?diff=split&w=1#diff-f50ad1c5f44512efc150354c947f3e36fa13d9d626963af6fde3fe5e346e25aeR109
https://github.com/pentaho/pentaho-platform/pull/1812,incl_ref_for_test,extract_method_for_override,extensions/src/org/pentaho/platform/web/http/api/resources/SchedulerResource.java,https://github.com/pentaho/pentaho-platform/pull/1812/files?diff=split&w=1#diff-4fc2b06831e3d04094fd4a60b431aaf3c537ce0d41ebfb6176758c87f9e3ec1fR305
https://github.com/pentaho/pentaho-platform/pull/1812,incl_ref_for_test,extract_method_for_invocation,extensions/src/org/pentaho/platform/web/http/api/resources/SchedulerResource.java,https://github.com/pentaho/pentaho-platform/pull/1812/files?diff=split&w=1#diff-4fc2b06831e3d04094fd4a60b431aaf3c537ce0d41ebfb6176758c87f9e3ec1fR343
https://github.com/pentaho/pentaho-platform/pull/1838,incl_ref_for_test,extract_method_for_invocation,extensions/src/org/pentaho/platform/web/http/api/resources/SchedulerResource.java,https://github.com/pentaho/pentaho-platform/pull/1838/files#diff-2b9a5a021ee690d2733de7cefe22d7467f048bd8f28df3695a5e1d3fad8c90bfR332
https://github.com/pentaho/pentaho-platform/pull/1846,incl_ref_for_test,extract_method_for_override,extensions/src/org/pentaho/platform/web/http/api/resources/services/SchedulerService.java,https://github.com/pentaho/pentaho-platform/pull/1846/files#diff-2b9a5a021ee690d2733de7cefe22d7467f048bd8f28df3695a5e1d3fad8c90bfR463
https://github.com/pentaho/pentaho-platform/pull/1942,incl_ref_for_test,extract_attribute_for_assertion,scheduler/src/org/pentaho/platform/scheduler2/email/Emailer.java,https://github.com/pentaho/pentaho-platform/pull/1942/files#diff-ba3c1fc9f31c319dc59cb2031cb299d8c97ae74faac94405dd9ff7efa84a3b42R89
https://github.com/pentaho/pentaho-platform/pull/2793,incl_ref_for_test,extract_method_for_invocation,user-console/source/org/pentaho/mantle/rebind/EventBusUtilGenerator.java,https://github.com/pentaho/pentaho-platform/pull/2793/files#diff-41af3ef80c99a66330bdb697ce8844bed2c4d0f53caf16f1c8a0c7830285a288R320
https://github.com/pentaho/pentaho-platform/pull/3010,incl_ref_for_test,extract_method_for_override,extensions/src/org/pentaho/platform/plugin/action/mdx/MDXBaseComponent.java,https://github.com/pentaho/pentaho-platform/pull/3010/files?diff=split&w=1#diff-ca09fe405f03b6d7b39deb01b093cfac2f503c7857769e411b4c550b0efb7807R562
https://github.com/pentaho/pentaho-platform/pull/3010,incl_ref_for_test,extract_method_for_override,extensions/src/org/pentaho/platform/plugin/action/mdx/MDXBaseComponent.java,https://github.com/pentaho/pentaho-platform/pull/3010/files?diff=split&w=1#diff-ca09fe405f03b6d7b39deb01b093cfac2f503c7857769e411b4c550b0efb7807R568
https://github.com/pentaho/pentaho-platform/pull/3696,only_ref_for_test,extract_method_for_override,extensions/src/main/java/org/pentaho/platform/plugin/action/ActionInvokerSystemListener.java,https://github.com/pentaho/pentaho-platform/pull/3696/files#diff-6c168c7169cb7c7e40dbc54b709313e6532ae92dc3ca451cd6cc860e3f08e0b0R131
https://github.com/pentaho/pentaho-platform/pull/3696,only_ref_for_test,extract_method_for_override,extensions/src/main/java/org/pentaho/platform/plugin/action/ActionInvokerSystemListener.java,https://github.com/pentaho/pentaho-platform/pull/3696/files#diff-6c168c7169cb7c7e40dbc54b709313e6532ae92dc3ca451cd6cc860e3f08e0b0R48
https://github.com/pentaho/pentaho-platform/pull/3696,only_ref_for_test,widen_access_for_invocation,extensions/src/main/java/org/pentaho/platform/plugin/action/ActionInvokerSystemListener.java,https://github.com/pentaho/pentaho-platform/pull/3696/files#diff-6c168c7169cb7c7e40dbc54b709313e6532ae92dc3ca451cd6cc860e3f08e0b0R127
https://github.com/pinpoint-apm/pinpoint/pull/1082,incl_ref_for_test,extract_method_for_override,web/src/main/java/com/navercorp/pinpoint/web/view/ServerInstanceSerializer.java,https://github.com/pinpoint-apm/pinpoint/pull/1082/files?diff=split&w=1#diff-994b13c954de61f3d87f138004e80b5659a4bb0f937604228c1fb5f1d10c3fceR96
https://github.com/pinpoint-apm/pinpoint/pull/2922,incl_ref_for_test,extract_class_for_invocation,profiler/src/main/java/com/navercorp/pinpoint/profiler/monitor/DefaultAgentStatMonitor.java,https://github.com/pinpoint-apm/pinpoint/pull/2922/files?diff=split&w=1#diff-2b078ad91949578c5722666c9cfcc04eb49f5e020baca483420ddc27db4d7fc8R52
https://github.com/rsksmart/rskj/pull/1054,incl_ref_for_test,widen_access_for_invocation,rskj-core/src/main/java/co/rsk/peg/BridgeSupport.java,https://github.com/rsksmart/rskj/pull/1054/files#diff-61e5c53e59bedc5790b677df9fb9db0fbe260d86030c6caa00fb9b12a6afc685R149
https://github.com/SonarSource/sonar-java/pull/884,incl_ref_for_test,extract_method_for_override,java-frontend/src/main/java/org/sonar/java/SonarComponents.java,https://github.com/SonarSource/sonar-java/pull/884/files#diff-4b8038186e921a5b880dc45439de16551f23ab0909b104d1871bee7b10975b4dR93
https://github.com/strimzi/strimzi-kafka-operator/pull/217,incl_ref_for_test,widen_access_for_invocation,cluster-controller/src/main/java/io/strimzi/controller/cluster/resources/ZookeeperCluster.java,https://github.com/strimzi/strimzi-kafka-operator/pull/217/files?diff=split&w=1#diff-a8afbac653fc22d7cef29b52ae8326afda802c5a012cd370bb4529af4b4e9a4cR150
https://github.com/strimzi/strimzi-kafka-operator/pull/217,incl_ref_for_test,widen_access_for_invocation,cluster-controller/src/main/java/io/strimzi/controller/cluster/resources/ZookeeperCluster.java,https://github.com/strimzi/strimzi-kafka-operator/pull/217/files?diff=split&w=1#diff-a8afbac653fc22d7cef29b52ae8326afda802c5a012cd370bb4529af4b4e9a4cR151
https://github.com/strimzi/strimzi-kafka-operator/pull/217,incl_ref_for_test,extract_method_for_override,cluster-controller/src/main/java/io/strimzi/controller/cluster/resources/ZookeeperCluster.java,https://github.com/strimzi/strimzi-kafka-operator/pull/217/files?diff=split&w=1#diff-a8afbac653fc22d7cef29b52ae8326afda802c5a012cd370bb4529af4b4e9a4cR235
https://github.com/telstra/open-kilda/pull/1965,incl_ref_for_test,widen_access_for_invocation,services/wfm/src/main/java/org/openkilda/wfm/topology/event/OfeLinkBolt.java,https://github.com/telstra/open-kilda/pull/1965/files#diff-30692f9e360e42c107da2d60d08805107767494f36eff9571e02e1be81bc7ff8R382
https://github.com/telstra/open-kilda/pull/1965,incl_ref_for_test,widen_access_for_invocation,services/wfm/src/main/java/org/openkilda/wfm/topology/event/OfeLinkBolt.java,https://github.com/telstra/open-kilda/pull/1965/files#diff-adc2471711aa024319d50ff00213918462d33b605e29e95a847bff86c141e4d1R233
https://github.com/TestFX/TestFX/pull/101,incl_ref_for_test,widen_access_for_invocation,,https://github.com/TestFX/TestFX/pull/101/files#diff-8157c28610dfc3617b112be48a2c0632659bf85394d4f184bf18d93419a82075R33
https://github.com/Texera/texera/pull/350,incl_ref_for_test,extract_class_for_invocation,textdb/textdb-dataflow/src/main/java/edu/uci/ics/textdb/dataflow/common/FuzzyTokenPredicate.java,https://github.com/Texera/texera/pull/350/files?diff=split&w=1#diff-89f7a47281c399deaae7428aa78a122a297f46678bab0a145acbe54b09676151R54
https://github.com/Texera/texera/pull/353,only_ref_for_test,change_data_structure,textdb/textdb-dataflow/src/main/java/edu/uci/ics/textdb/dataflow/nlpextrator/NlpPredicate.java,https://github.com/Texera/texera/pull/353/files#diff-9751ea3ae44e442a6f8b1fc0b7301fc81b4389d667f8d4c4c0a532bb4875e9d7R33
https://github.com/tomakehurst/wiremock/pull/823,incl_ref_for_test,extract_method_for_override,src/main/java/com/github/tomakehurst/wiremock/core/Options.java,https://github.com/tomakehurst/wiremock/pull/823/files#diff-7b00cfd7ad9e70bebea6954a5567ea899bd512b6266c6651ea64fb3099e40bbfR60
https://github.com/webdetails/cpk/pull/28,incl_ref_for_test,extract_method_for_override,cpk-core/src/pt/webdetails/cpk/elements/impl/KettleElementHelper.java,https://github.com/webdetails/cpk/pull/28/files#diff-94be3659e3e99c42312b9e20a4da95da330f5d909ec303a88f85bc0356dd3d4bR263
https://github.com/zalando/zalenium/pull/8,only_ref_for_test,extract_method_for_override,src/main/java/de/zalando/tip/zalenium/proxy/DockerSeleniumStarterRemoteProxy.java,https://github.com/zalando/zalenium/pull/8/files#diff-68f614c5bc7e3ba452e116e27489327442eac86339011e160df15503b7ceec9dR298
https://github.com/zeromq/jeromq/pull/468,incl_ref_for_test,extract_method_for_override,src/main/java/zmq/poll/PollerBase.java,https://github.com/zeromq/jeromq/pull/468/files?diff=split&w=1#diff-022b027ef6e5be1b9aed38b585b0bdbb72e1d0e1d3e92cf140c1bceb98b17fa4R15
https://github.com/ConsenSys/tessera/pull/174,only_ref_for_test,extract_class_for_invocation,nexus-config-cli/src/main/java/com/github/nexus/config/cli/CliDelegate.java,https://github.com/ConsenSys/tessera/pull/174/files#diff-40082e60499a6b7e3419f1b682c5270007b41c0be507defde4f5e48b76c2ace6R24
https://github.com/dhis2/dhis2-core/pull/1943,only_ref_for_test,extract_method_for_invocation,dhis-2/dhis-services/dhis-service-administration/src/main/java/org/hisp/dhis/resourcetable/table/PeriodResourceTable.java,https://github.com/dhis2/dhis2-core/pull/1943/files?diff=split&w=1#diff-b9a2fff01cc9cc92d64d4724f0202f72101142947638267e33acc4ec200ee8fbR111
https://github.com/GoogleCloudPlatform/google-cloud-eclipse/pull/1969,only_ref_for_test,extract_method_for_invocation,plugins/com.google.cloud.tools.eclipse.appengine.newproject.maven/src/com/google/cloud/tools/eclipse/appengine/newproject/maven/MavenAppEngineStandardWizardPage.java,https://github.com/GoogleCloudPlatform/google-cloud-eclipse/pull/1969/files?diff=split&w=1#diff-eeb575b530450ac30e8b3cc876ee53da8e03b9a77da6c8765e4f885e85f68da8R59
https://github.com/zsmartsystems/com.zsmartsystems.zigbee/pull/413,only_ref_for_test,add_constructor_param,com.zsmartsystems.zigbee.dongle.ember/src/main/java/com/zsmartsystems/zigbee/dongle/ember/internal/EzspProtocolHandler.java,https://github.com/zsmartsystems/com.zsmartsystems.zigbee/pull/413/files?diff=split&w=1#diff-ff63c45be7f1001fa2465cd831999d705cf1a3b0e02263de53ffaf3f7d44d990R114
https://github.com/yonadev/yona-server/pull/459,incl_ref_for_test,extract_class_for_invocation,analysisservice/src/main/java/nu/yona/server/analysis/service/AnalysisEngineService.java,https://github.com/yonadev/yona-server/pull/459/files?diff=split&w=1#diff-8593b85870a122994f0e27586e5c80a87738275cb6820fe76afbd7f594c18c73R105
https://github.com/neo4j/neo4j-java-driver/pull/165,incl_ref_for_test,add_constructor_param,driver/src/main/java/org/neo4j/driver/internal/connector/socket/TLSSocketChannel.java,https://github.com/neo4j/neo4j-java-driver/pull/165/files?diff=split&w=1#diff-a33b87fa4f70110c9d14e13ff67b97379e2c1b18b61fa8f5fad8ec933cdf0f6aR147
https://github.com/dropwizard/dropwizard/pull/198,incl_ref_for_test,extract_method_for_invocation,dropwizard-core/src/main/java/com/yammer/dropwizard/jetty/AsyncRequestLog.java,https://github.com/dropwizard/dropwizard/pull/198/files?diff=split&w=1#diff-4c50e118826c32661016badcaa59937026b8c97028a04e05caba220a9e88faa8R26
https://github.com/forcedotcom/SalesforceMobileSDK-Android/pull/885,incl_ref_for_test,extract_method_for_invocation,libs/SalesforceSDK/src/com/salesforce/androidsdk/rest/RestClient.java,dependencies/src/main/java/com/google/cloud/tools/opensource/dependencies/DependencyPath.java
https://github.com/novoda/download-manager/pull/127,incl_ref_for_test,extract_class_for_override,library/src/main/java/com/novoda/downloadmanager/lib/DownloadReadyChecker.java,https://github.com/novoda/download-manager/pull/127/files?diff=split&w=1#diff-329ded0187619d3e5affc60ab6ab837d2a48b4cd951931c6fd7d9e072b026f26R32
https://github.com/Graylog2/graylog2-server/pull/3896,incl_ref_for_test,extract_class_for_override,graylog2-server/src/main/java/org/graylog2/indexer/IndexMappingFactory.java,https://github.com/Graylog2/graylog2-server/pull/3896/files?diff=split&w=1#diff-5b1b571f70974b7d2ed5b6c448502b363dfb9f652bb35632928d58e130b3da31R43
https://github.com/checkstyle/checkstyle/pull/1515,irrelevant,,,
https://github.com/pentaho/pentaho-platform/pull/1705,irrelevant,,,
https://github.com/square/keywhiz/pull/458,irrelevant,,,
https://github.com/sialcasa/mvvmFX/pull/266,irrelevant,,,
https://github.com/k9mail/k-9/pull/1211,irrelevant,,,
https://github.com/confluentinc/ksql/pull/3198,irrelevant,,,
https://github.com/OpenRefine/OpenRefine/pull/2833,irrelevant,,,
https://github.com/pentaho/pentaho-platform/pull/1715,irrelevant,,extensions/src/org/pentaho/platform/web/http/api/resources/services/FileService.java,
https://github.com/apache/beam/pull/317,irrelevant,,runners/google-cloud-dataflow-java/src/main/java/org/apache/beam/runners/dataflow/DataflowPipelineRunner.java,
https://github.com/TheAlgorithms/Java/pull/643,irrelevant,,,
https://github.com/NationalSecurityAgency/datawave/pull/693,irrelevant,,,
https://github.com/apache/flink/pull/61,irrelevant,,,
https://github.com/azkaban/azkaban/pull/949,irrelevant,,azkaban-common/src/main/java/azkaban/project/DependencyFetcher.java,
https://github.com/msgpack/msgpack-java/pull/314,irrelevant,,,
https://github.com/apache/wicket/pull/187,irrelevant,,,
https://github.com/voyages-sncf-technologies/hesperides/pull/121,irrelevant,,,
https://github.com/oracle/weblogic-kubernetes-operator/pull/329,irrelevant,,,
https://github.com/molgenis/molgenis/pull/4947,irrelevant,,,
https://github.com/CorfuDB/CorfuDB/pull/982,irrelevant,,runtime/src/main/java/org/corfudb/runtime/CorfuRuntime.java,
https://github.com/lv-381-java/Actent/pull/152,irrelevant,,src/main/java/com/softserve/actent/service/EventUserService.java,
https://github.com/TestFX/TestFX/pull/94,irrelevant,,subprojects/testfx-core/src/main/java/org/loadui/testfx/robots/impl/MouseRobotImpl.java,
https://github.com/square/wire/pull/484,irrelevant,,wire-compiler/src/main/java/com/squareup/wire/WireLogger.java,
https://github.com/dropwizard/dropwizard/pull/183,irrelevant,,,
https://github.com/senx/warp10-platform/pull/443,irrelevant,,,
https://github.com/GoogleCloudPlatform/google-cloud-eclipse/pull/183,irrelevant,,,
https://github.com/gstreamer-java/gst1-java-core/pull/175,irrelevant,,,
https://github.com/pentaho/pentaho-platform/pull/3425,irrelevant,,,
https://github.com/JabRef/jabref/pull/187,irrelevant,,,
https://github.com/apache/commons-collections/pull/115,irrelevant,,,
https://github.com/Alluxio/alluxio/pull/2352,irrelevant,,,
https://github.com/apache/commons-numbers/pull/78,irrelevant,,,
https://github.com/molgenis/molgenis/pull/5498,irrelevant,,,
https://github.com/apache/druid/pull/4553,irrelevant,,,
https://github.com/dhis2/dhis2-core/pull/4774,irrelevant,,,
https://github.com/molgenis/molgenis/pull/69,irrelevant,,,
https://github.com/apache/rocketmq/pull/2000,irrelevant,,,
https://github.com/line/armeria/pull/2716,irrelevant,,,
https://github.com/tmobile/pacbot/pull/275,irrelevant,,,
https://github.com/molgenis/molgenis/pull/2329,irrelevant,,,
https://github.com/radixdlt/radixdlt-java/pull/172,irrelevant,,,
https://github.com/atlasapi/atlas-deer/pull/557,irrelevant,,,
https://github.com/microsoft/mssql-jdbc/pull/1047,irrelevant,,,
https://github.com/Graylog2/graylog2-server/pull/1206,irrelevant,,,
https://github.com/apache/druid/pull/2266,irrelevant,,,
https://github.com/jchambers/pushy/pull/785,irrelevant,,,
https://github.com/STAMP-project/dspot/pull/761,irrelevant,,,
https://github.com/neo4j-contrib/neo4j-apoc-procedures/pull/1348,irrelevant,,,
https://github.com/facebook/buck/pull/465,irrelevant,,,
https://github.com/dropwizard/dropwizard/pull/467,irrelevant,,,
https://github.com/eclipse/rdf4j/pull/1819,irrelevant,,,
https://github.com/tronprotocol/java-tron/pull/797,irrelevant,,,
https://github.com/apache/storm/pull/2236,irrelevant,,,
https://github.com/kiegroup/jbpm/pull/664,irrelevant,,,
https://github.com/apache/kafka/pull/5120,irrelevant,,,
https://github.com/brettwooldridge/HikariCP/pull/1338,irrelevant,,,
https://github.com/Alluxio/alluxio/pull/1709,irrelevant,,functionality added and tested,
https://github.com/molgenis/molgenis/pull/3192,irrelevant,,,
https://github.com/STAMP-project/dspot/pull/66,irrelevant,,,
https://github.com/web3j/web3j/pull/39,irrelevant,,,
https://github.com/rsksmart/rskj/pull/242,irrelevant,,,
https://github.com/dhis2/dhis2-core/pull/4182,irrelevant,,,
https://github.com/asakusafw/asakusafw/pull/824,irrelevant,,,
https://github.com/elastic/apm-agent-java/pull/1218,irrelevant,,,
https://github.com/GoogleCloudPlatform/appengine-plugins-core/pull/676,irrelevant,,,
https://github.com/zsmartsystems/com.zsmartsystems.zigbee/pull/468,irrelevant,,,
https://github.com/jmxtrans/jmxtrans/pull/406,irrelevant,,,
https://github.com/apache/beam/pull/753,irrelevant,,,
https://github.com/pentaho/data-access/pull/348,irrelevant,,,
https://github.com/apache/kafka/pull/4869,irrelevant,,,
https://github.com/oracle/helidon/pull/1525,irrelevant,,,
https://github.com/forcedotcom/SalesforceMobileSDK-Android/pull/569,irrelevant,,,
https://github.com/jenkinsci/email-ext-plugin/pull/207,irrelevant,,,
https://github.com/apache/opennlp/pull/165,irrelevant,,,
https://github.com/google/tink/pull/26,irrelevant,,,
https://github.com/apache/kafka/pull/4655,irrelevant,,,
https://github.com/apache/beam/pull/134,irrelevant,,,
https://github.com/checkstyle/checkstyle/pull/5366,irrelevant,,,
https://github.com/TheAlgorithms/Java/pull/756,irrelevant,,,
https://github.com/samtools/htsjdk/pull/556,irrelevant,,,
https://github.com/line/armeria/pull/1260,irrelevant,,,
https://github.com/dhis2/dhis2-core/pull/6153,irrelevant,,,
https://github.com/jmxtrans/jmxtrans/pull/735,irrelevant,,,
https://github.com/samtools/htsjdk/pull/36,irrelevant,,,
https://github.com/hibernate/hibernate-validator/pull/263,irrelevant,,,
https://github.com/firebase/FirebaseUI-Android/pull/579,irrelevant,,,
https://github.com/STAMP-project/dspot/pull/748,irrelevant,,,
https://github.com/micrometer-metrics/micrometer/pull/1497,irrelevant,,,
https://github.com/UnionVMS/UVMS-AssetModule-APP/pull/565,irrelevant,,,
https://github.com/MovingBlocks/Terasology/pull/2470,irrelevant,,,
https://github.com/Alluxio/alluxio/pull/1919,irrelevant,,,
https://github.com/grpc/grpc-java/pull/2430,irrelevant,,,
https://github.com/windup/windup/pull/414,irrelevant,,,
https://github.com/jenkinsci/jira-plugin/pull/85,irrelevant,,,
https://github.com/GoogleCloudPlatform/appengine-plugins-core/pull/291,irrelevant,,,
https://github.com/project-sunbird/sunbird-data-pipeline/pull/541,irrelevant,,,
https://github.com/google/volley/pull/350,irrelevant,,,
https://github.com/openhab/openhab-android/pull/623,irrelevant,,,
https://github.com/wso2/carbon-identity-framework/pull/1116,irrelevant,,,
https://github.com/TheAlgorithms/Java/pull/847,irrelevant,,,
https://github.com/openmrs/openmrs-core/pull/1551,irrelevant,,,
https://github.com/apache/opennlp/pull/168,irrelevant,,,
https://github.com/microsoft/azure-spring-boot/pull/139,irrelevant,,,
https://github.com/FasterXML/jackson-databind/pull/1823,irrelevant,,,
https://github.com/exonum/exonum-java-binding/pull/140,irrelevant,,,
https://github.com/Netflix/spectator/pull/474,irrelevant,,,
https://github.com/jaegertracing/jaeger-client-java/pull/255,irrelevant,,,
https://github.com/TheAlgorithms/Java/pull/754,irrelevant,,,
https://github.com/Netflix/spectator/pull/36,irrelevant,,,
https://github.com/geoserver/geoserver/pull/1198,irrelevant,,,
https://github.com/flipkart-incubator/Poseidon/pull/168,irrelevant,,,
https://github.com/apache/kafka/pull/2255,irrelevant,,,
https://github.com/Graylog2/graylog2-server/pull/2307,irrelevant,,,
https://github.com/alibaba/Sentinel/pull/1836,irrelevant,,,
https://github.com/Netflix/Hystrix/pull/797,irrelevant,,,
https://github.com/azkaban/azkaban/pull/2201,irrelevant,,,
https://github.com/checkstyle/checkstyle/pull/3587,irrelevant,,,
https://github.com/eclipse/jetty.project/pull/3591,irrelevant,,,
https://github.com/seata/seata/pull/2759,irrelevant,,,
https://github.com/linkedin/ambry/pull/1047,irrelevant,,,
https://github.com/grpc/grpc-java/pull/2452,irrelevant,,,
https://github.com/querydsl/querydsl/pull/2537,irrelevant,,,
https://github.com/pentaho/pentaho-metaverse/pull/29,irrelevant,,,
https://github.com/apache/shardingsphere/pull/4598,irrelevant,,,
https://github.com/NationalSecurityAgency/datawave/pull/458,irrelevant,,,
https://github.com/TestFX/TestFX/pull/100,irrelevant,,,
https://github.com/castorini/anserini/pull/884,irrelevant,,,
https://github.com/pinpoint-apm/pinpoint/pull/6373,irrelevant,,,
https://github.com/jcabi/jcabi-http/pull/183,irrelevant,,,
https://github.com/apache/beam/pull/2040,irrelevant,,,
https://github.com/intuit/karate/pull/1314,irrelevant,,,
https://github.com/line/armeria/pull/991,irrelevant,,,
https://github.com/aol/micro-server/pull/194,irrelevant,,,
https://github.com/grpc/grpc-java/pull/4591,irrelevant,,,
https://github.com/enonic/xp/pull/6664,irrelevant,,,
https://github.com/codice/ddf/pull/542,irrelevant,,,
https://github.com/project-sunbird/sunbird-utils/pull/862,irrelevant,,,
https://github.com/pentaho/pentaho-platform/pull/3677,irrelevant,,,
https://github.com/cdk/cdk/pull/379,irrelevant,,,
https://github.com/googleapis/google-http-java-client/pull/306,irrelevant,,,
https://github.com/Adobe-Consulting-Services/acs-aem-commons/pull/1089,irrelevant,,,
https://github.com/GoogleCloudPlatform/cloud-opensource-java/pull/1217,irrelevant,,,
https://github.com/Graylog2/graylog2-server/pull/5400,irrelevant,,,
https://github.com/geoserver/geoserver/pull/1478,irrelevant,,,
https://github.com/HubSpot/jinjava/pull/101,irrelevant,,,
https://github.com/apache/maven/pull/120,irrelevant,,,
https://github.com/kiegroup/kie-wb-common/pull/523,irrelevant,,,
https://github.com/dropwizard/dropwizard/pull/2453,irrelevant,,,
https://github.com/Alluxio/alluxio/pull/601,irrelevant,,,
https://github.com/Texera/texera/pull/160,irrelevant,,,
https://github.com/square/okio/pull/257,irrelevant,,,
https://github.com/square/okhttp/pull/468,irrelevant,,,
https://github.com/oracle/helidon/pull/1466,irrelevant,,,
https://github.com/project-sunbird/sunbird-data-pipeline/pull/549,irrelevant,,,
https://github.com/kiegroup/appformer/pull/463,irrelevant,,,
https://github.com/SonarSource/sonar-java/pull/189,irrelevant,,,
https://github.com/bazelbuild/bazel/pull/5094,irrelevant,,,
https://github.com/apache/rocketmq/pull/64,irrelevant,,,
https://github.com/openmrs/openmrs-core/pull/62,irrelevant,,,
https://github.com/square/okio/pull/219,irrelevant,,,
https://github.com/freenet/fred/pull/249,irrelevant,,,
https://github.com/folio-org/okapi/pull/1041,irrelevant,,,
https://github.com/yahoo/athenz/pull/46,irrelevant,,,
https://github.com/apache/commons-text/pull/46,irrelevant,,,
https://github.com/line/armeria/pull/1675,irrelevant,,,
https://github.com/OpenGamma/Strata/pull/1861,irrelevant,,,
https://github.com/CorfuDB/CorfuDB/pull/1052,irrelevant,,,
https://github.com/checkstyle/checkstyle/pull/329,irrelevant,,,
https://github.com/dropwizard/dropwizard/pull/2741,irrelevant,,,
https://github.com/kiegroup/droolsjbpm-integration/pull/397,irrelevant,,,
https://github.com/square/okhttp/pull/3881,irrelevant,,,
https://github.com/PegaSysEng/pantheon/pull/809,irrelevant,,,
https://github.com/bazelbuild/bazel/pull/5334,irrelevant,,,
https://github.com/cdk/cdk/pull/106,irrelevant,,,
https://github.com/ExpediaDotCom/adaptive-alerting/pull/690,irrelevant,,,
https://github.com/jenkinsci/violations-plugin/pull/83,irrelevant,,,
https://github.com/linkedin/ambry/pull/1566,irrelevant,,,
https://github.com/GoogleCloudPlatform/appengine-plugins-core/pull/314,irrelevant,,,
https://github.com/INRIA/spoon/pull/3283,irrelevant,,,
https://github.com/yegor256/takes/pull/507,irrelevant,,,
https://github.com/apache/shardingsphere/pull/1662,irrelevant,,,
https://github.com/Alluxio/alluxio/pull/188,irrelevant,,,
https://github.com/kiegroup/jbpm/pull/851,irrelevant,,,
https://github.com/find-sec-bugs/find-sec-bugs/pull/441,irrelevant,,,
https://github.com/square/okio/pull/262,irrelevant,,,
https://github.com/geoserver/geoserver/pull/1199,irrelevant,,,
https://github.com/tborzyszkowski/DesignPatterns/pull/196,irrelevant,,,
https://github.com/tborzyszkowski/DesignPatterns/pull/172,irrelevant,,,
https://github.com/tborzyszkowski/DesignPatterns/pull/180,irrelevant,,,
https://github.com/apache/incubator-heron/pull/97,irrelevant,,,
https://github.com/googleapis/gapic-generator/pull/3162,irrelevant,,,
https://github.com/scijava/scijava-common/pull/332,irrelevant,,,
https://github.com/oracle/helidon/pull/2349,irrelevant,,,
https://github.com/tborzyszkowski/DesignPatterns/pull/176,irrelevant,,,
https://github.com/grpc/grpc-java/pull/7500,irrelevant,,,
https://github.com/apache/commons-lang/pull/43,irrelevant,,,
https://github.com/dropwizard/metrics/pull/1601,irrelevant,,,
https://github.com/apache/commons-lang/pull/61,irrelevant,,,
https://github.com/qos-ch/slf4j/pull/86,irrelevant,,,
https://github.com/resilience4j/resilience4j/pull/1129,irrelevant,,,
https://github.com/apache/druid/pull/399,irrelevant,,,
https://github.com/apache/logging-log4j2/pull/134,irrelevant,,,
https://github.com/Netflix/Hystrix/pull/453,irrelevant,,,
https://github.com/microsoft/appcenter-sdk-android/pull/297,irrelevant,,,
https://github.com/pentaho/pdi-dataservice-plugin/pull/175,irrelevant,,,
https://github.com/pentaho/pentaho-kettle/pull/318,irrelevant,,,
https://github.com/palantir/atlasdb/pull/3505,irrelevant,,,
https://github.com/geoserver/geoserver/pull/913,irrelevant,,,
https://github.com/pinpoint-apm/pinpoint/pull/231,irrelevant,,,
https://github.com/find-sec-bugs/find-sec-bugs/pull/246,irrelevant,,,
https://github.com/SonarSource/sonar-java/pull/1571,irrelevant,,,
https://github.com/grpc/grpc-java/pull/5290,irrelevant,,,
https://github.com/checkstyle/checkstyle/pull/1494,irrelevant,,,
https://github.com/microsoft/ApplicationInsights-Java/pull/816,irrelevant,,,
https://github.com/zsmartsystems/com.zsmartsystems.zigbee/pull/472,irrelevant,,,
https://github.com/flightstats/hub/pull/1178,irrelevant,,,
https://github.com/spring-cloud/spring-cloud-kubernetes/pull/616,irrelevant,,,
https://github.com/palantir/atlasdb/pull/4620,irrelevant,,,
https://github.com/spring-cloud/spring-cloud-kubernetes/pull/619,irrelevant,,,
https://github.com/pentaho/pentaho-platform/pull/2671,irrelevant,,,
https://github.com/liquibase/liquibase/pull/812,irrelevant,,,
https://github.com/apache/storm/pull/2489,irrelevant,,,
https://github.com/grpc/grpc-java/pull/6297,irrelevant,,,
https://github.com/GoogleCloudPlatform/google-cloud-eclipse/pull/1706,irrelevant,,,
https://github.com/castorini/anserini/pull/899,irrelevant,,,
https://github.com/dbfit/dbfit/pull/550,irrelevant,,,
https://github.com/optimizely/android-sdk/pull/189,irrelevant,,,
https://github.com/spring-cloud/spring-cloud-kubernetes/pull/617,irrelevant,,,
https://github.com/enonic/xp/pull/1530,irrelevant,,,
https://github.com/apache/commons-lang/pull/463,irrelevant,,,
https://github.com/jenkinsci/jira-plugin/pull/63,irrelevant,,,
https://github.com/azkaban/azkaban/pull/1056,irrelevant,,,
https://github.com/spring-projects/spring-boot/pull/2071,irrelevant,,,
https://github.com/tomakehurst/wiremock/pull/577,irrelevant,,,
https://github.com/pentaho/pdi-sdk-plugins/pull/62,irrelevant,,,
https://github.com/gravitee-io/gravitee-gateway/pull/133,irrelevant,,,
https://github.com/arquillian/arquillian-cube/pull/424,irrelevant,,,
https://github.com/GoogleCloudPlatform/google-cloud-eclipse/pull/2354,irrelevant,,,
https://github.com/apache/nifi/pull/2344,irrelevant,,,
https://github.com/geotools/geotools/pull/141,irrelevant,,,
https://github.com/palantir/atlasdb/pull/4265,irrelevant,,,
https://github.com/broadinstitute/picard/pull/732,irrelevant,,,
https://github.com/atlasapi/atlas/pull/358,irrelevant,,,
https://github.com/pentaho/data-access/pull/1009,irrelevant,,,
https://github.com/jenkinsci/support-core-plugin/pull/166,irrelevant,,,
https://github.com/apache/maven/pull/363,irrelevant,,,
https://github.com/dhis2/dhis2-core/pull/2945,irrelevant,,,
https://github.com/pentaho/pentaho-kettle/pull/576,irrelevant,,,
https://github.com/google/guice/pull/997,irrelevant,,,
https://github.com/tomakehurst/wiremock/pull/320,irrelevant,,,
https://github.com/hmcts/ethos-repl-docmosis-service/pull/78,irrelevant,,,
https://github.com/pentaho/pentaho-kettle/pull/862,irrelevant,,,
https://github.com/Atmosphere/atmosphere/pull/1221,irrelevant,,,
https://github.com/pentaho/modeler/pull/283,irrelevant,,,
https://github.com/apache/bookkeeper/pull/1240,irrelevant,,,
https://github.com/apache/druid/pull/1973,irrelevant,,,
https://github.com/jenkinsci/envinject-plugin/pull/46,irrelevant,,,
https://github.com/GoogleCloudPlatform/cloud-opensource-java/pull/755,irrelevant,,,
https://github.com/apache/beam/pull/1315,irrelevant,,,
https://github.com/linkedin/ambry/pull/468,irrelevant,,,
https://github.com/enonic/xp/pull/6748,irrelevant,,,
https://github.com/GoogleCloudPlatform/google-cloud-eclipse/pull/1862,irrelevant,,,
https://github.com/apache/beam/pull/1011,irrelevant,,,
https://github.com/pentaho/pentaho-metaverse/pull/427,irrelevant,,,
https://github.com/azkaban/azkaban/pull/1439,irrelevant,,,
https://github.com/kiegroup/appformer/pull/891,irrelevant,,,
https://github.com/anitab-org/powerup-android/pull/93,irrelevant,,,
https://github.com/SmarterApp/RDW_Reporting/pull/1054,irrelevant,,,
https://github.com/FortnoxAB/reactive-wizard/pull/109,irrelevant,,,
https://github.com/spotify/docker-client/pull/918,irrelevant,,,
https://github.com/docker-java/docker-java/pull/41,irrelevant,,,
https://github.com/floodlight/floodlight/pull/160,irrelevant,,,
https://github.com/eclipse/jetty.project/pull/3224,irrelevant,,,
https://github.com/matsim-org/matsim-libs/pull/518,irrelevant,,,
https://github.com/apache/kafka/pull/3548,irrelevant,,,
https://github.com/radixdlt/radixdlt-java/pull/64,irrelevant,,,
https://github.com/PegaSysEng/pantheon/pull/1221,irrelevant,,,
https://github.com/strimzi/strimzi-kafka-operator/pull/1996,irrelevant,,,
https://github.com/ConsenSys/tessera/pull/200,irrelevant,,,
https://github.com/qos-ch/logback/pull/214,irrelevant,,,
https://github.com/linkedin/ambry/pull/413,irrelevant,,,
https://github.com/ops4j/org.ops4j.pax.exam2/pull/43,irrelevant,,,
https://github.com/GoogleCloudPlatform/cloud-opensource-java/pull/1318,irrelevant,,,
https://github.com/geoserver/geoserver/pull/982,irrelevant,,,
https://github.com/airbnb/lottie-android/pull/1420,irrelevant,,,
https://github.com/immutables/immutables/pull/1003,irrelevant,,,
https://github.com/datastax/java-driver/pull/939,irrelevant,,,
https://github.com/Adobe-Consulting-Services/acs-aem-commons/pull/568,irrelevant,,,
https://github.com/square/keywhiz/pull/60,irrelevant,,,
https://github.com/apache/camel/pull/587,irrelevant,,,
https://github.com/openmrs/openmrs-module-emrapi/pull/42,irrelevant,,,
https://github.com/julianhyde/sqlline/pull/227,irrelevant,,,
https://github.com/kiegroup/jbpm/pull/384,irrelevant,,,
https://github.com/pinpoint-apm/pinpoint/pull/277,irrelevant,,,
https://github.com/enonic/xp/pull/6980,irrelevant,,,
https://github.com/OpenGamma/Strata/pull/702,irrelevant,,,
https://github.com/pentaho/pentaho-platform/pull/2419,irrelevant,,,
https://github.com/SonarSource/sonar-java/pull/2,irrelevant,,,
https://github.com/micrometer-metrics/micrometer/pull/1647,irrelevant,,,
https://github.com/project-sunbird/sunbird-learning-platform/pull/866,irrelevant,,,
https://github.com/Graylog2/graylog2-server/pull/2529,irrelevant,,,
https://github.com/apache/druid/pull/308,irrelevant,,,
https://github.com/openmrs/openmrs-core/pull/84,irrelevant,,,
https://github.com/oskariorg/oskari-server/pull/645,irrelevant,,,
https://github.com/PegaSysEng/pantheon/pull/1511,irrelevant,,,
https://github.com/square/okhttp/pull/3870,irrelevant,,,
https://github.com/matsim-org/matsim-libs/pull/997,irrelevant,,,
https://github.com/rsocket/rsocket-java/pull/292,irrelevant,,,
https://github.com/dropwizard/metrics/pull/1036,irrelevant,,,
https://github.com/zsmartsystems/com.zsmartsystems.zigbee/pull/388,irrelevant,,,
https://github.com/rsocket/rsocket-java/pull/844,irrelevant,,,
https://github.com/microsoft/appcenter-sdk-android/pull/1105,irrelevant,,,
https://github.com/line/armeria/pull/1577,irrelevant,,,
https://github.com/grpc/grpc-java/pull/4179,irrelevant,,,
https://github.com/rsocket/rsocket-java/pull/707,irrelevant,,,
https://github.com/geoserver/geoserver/pull/851,irrelevant,,,
https://github.com/Atmosphere/atmosphere/pull/1781,irrelevant,,,
https://github.com/java-native-access/jna/pull/995,irrelevant,,,
https://github.com/Commonjava/galley/pull/347,irrelevant,,,
https://github.com/square/wire/pull/619,irrelevant,,,
https://github.com/pentaho/pentaho-data-refinery/pull/36,irrelevant,,,
https://github.com/find-sec-bugs/find-sec-bugs/pull/266,irrelevant,,,
https://github.com/dhis2/dhis2-core/pull/6088,irrelevant,,,
https://github.com/SonarSource/sonar-java/pull/462,irrelevant,,,
https://github.com/apache/beam/pull/1867,irrelevant,,,
https://github.com/GoogleContainerTools/jib/pull/1285,irrelevant,,,
https://github.com/Sage-Bionetworks/Synapse-Repository-Services/pull/4021,irrelevant,,,
https://github.com/vaadin/flow/pull/780,irrelevant,,,
https://github.com/checkstyle/checkstyle/pull/6515,irrelevant,,,
https://github.com/strimzi/strimzi-kafka-operator/pull/2564,irrelevant,,,
https://github.com/grpc/grpc-java/pull/5566,irrelevant,,,
https://github.com/thorntail/thorntail/pull/246,irrelevant,,,
https://github.com/dropwizard/metrics/pull/136,irrelevant,,,
https://github.com/GoogleCloudPlatform/cloud-opensource-java/pull/1553,irrelevant,,,
https://github.com/apache/beam/pull/2669,irrelevant,,,
https://github.com/tborzyszkowski/DesignPatterns/pull/169,irrelevant,,,
https://github.com/grpc/grpc-java/pull/6526,irrelevant,,,
https://github.com/SonarSource/sonar-java/pull/3230,irrelevant,,,
https://github.com/apache/druid/pull/2219,irrelevant,,,
https://github.com/NationalSecurityAgency/datawave/pull/395,irrelevant,,,
https://github.com/wordpress-mobile/WordPress-FluxC-Android/pull/51,irrelevant,,,
https://github.com/Netflix/spectator/pull/528,irrelevant,,,
https://github.com/census-instrumentation/opencensus-java/pull/282,irrelevant,,,
https://github.com/kiegroup/kie-wb-common/pull/517,irrelevant,,,
https://github.com/kiegroup/kie-wb-common/pull/518,irrelevant,,,
https://github.com/mybatis/guice/pull/108,irrelevant,,,
https://github.com/spring-projects/spring-framework/pull/1116,irrelevant,,,
https://github.com/pentaho/pentaho-platform/pull/1913,irrelevant,,,
https://github.com/palantir/atlasdb/pull/4878,incl_ref_for_test,extract_method_for_invocation,cassandra/src/main/java/com/palantir/atlasdb/keyvalue/cassandra/pool/CassandraClientPoolMetrics.java,
https://github.com/jcabi/jcabi-http/pull/118,irrelevant,,,
https://github.com/tomakehurst/wiremock/pull/1005,irrelevant,,,
https://github.com/PegaSysEng/pantheon/pull/1284,irrelevant,,,
https://github.com/line/armeria/pull/964,irrelevant,other,grpc/src/main/java/com/linecorp/armeria/internal/grpc/ArmeriaMessageFramer.java,
https://github.com/linkedin/ambry/pull/242,incl_ref_for_test,extract_class_for_invocation,ambry-frontend/src/main/java/com.github.ambry.frontend/AmbryBlobStorageService.java,
https://github.com/Adobe-Consulting-Services/acs-aem-commons/pull/1445,incl_ref_for_test,add_constructor_param,bundle/src/main/java/com/adobe/acs/commons/reports/models/ReportRunner.java,
https://github.com/codice/ddf/pull/726,irrelevant,,platform/security/sts/security-sts-ldaplogin/src/main/java/ddf/ldap/ldaplogin/SslLdapLoginModule.java,
https://github.com/jaegertracing/jaeger-client-java/pull/694,irrelevant,,,
https://github.com/neo4j-contrib/neo4j-graph-algorithms/pull/173,irrelevant,,,
https://github.com/Netflix/Hystrix/pull/1039,incl_ref_for_test,extract_attribute_for_assertion,,
https://github.com/facebook/rocksdb/pull/1167,irrelevant,,,
https://github.com/apache/kafka/pull/4382,irrelevant,,,
https://github.com/pentaho/pentaho-metaverse/pull/15,irrelevant,,,
https://github.com/apache/rocketmq/pull/220,irrelevant,,,
https://github.com/grpc/grpc-java/pull/386,irrelevant,,,
https://github.com/apache/bookkeeper/pull/1607,irrelevant,,,
https://github.com/quarkusio/quarkus/pull/8676,irrelevant,,,
https://github.com/linkedin/dr-elephant/pull/496,incl_ref_for_test,extract_method_for_invocation,app/com/linkedin/drelephant/analysis/AnalyticJobGeneratorHadoop2.java,
https://github.com/Netflix/Hystrix/pull/742,irrelevant,,,
https://github.com/linkedin/ambry/pull/708,irrelevant,,,
https://github.com/apache/zeppelin/pull/3416,irrelevant,,,
https://github.com/STAMP-project/dspot/pull/607,irrelevant,,,
https://github.com/pentaho/pentaho-kettle/pull/421,irrelevant,,,
https://github.com/dropwizard/dropwizard/pull/677,irrelevant,,,
https://github.com/square/wire/pull/617,irrelevant,,,
https://github.com/kiegroup/appformer/pull/848,irrelevant,,,
https://github.com/hazelcast/hazelcast/pull/4861,irrelevant,,,
https://github.com/enonic/xp/pull/5860,irrelevant,,,
https://github.com/ikasanEIP/ikasan/pull/111,irrelevant,,,
https://github.com/googleapis/gax-java/pull/117,incl_ref_for_test,extract_class_for_override,,
https://github.com/threerings/getdown/pull/136,irrelevant,,,
https://github.com/jcabi/jcabi-http/pull/221,irrelevant,,,
https://github.com/pinpoint-apm/pinpoint/pull/604,irrelevant,,,
https://github.com/eclipse-archived/smarthome/pull/6160,irrelevant,other,,
https://github.com/geoserver/geoserver/pull/1910,irrelevant,,,
https://github.com/pinpoint-apm/pinpoint/pull/5093,irrelevant,,,
https://github.com/geoserver/geoserver/pull/1911,irrelevant,,,
https://github.com/networknt/light-4j/pull/282,irrelevant,,,
https://github.com/pentaho/pdi-sdk-plugins/pull/63,irrelevant,,,
https://github.com/GoogleCloudPlatform/google-cloud-eclipse/pull/2963,irrelevant,,,
https://github.com/line/armeria/pull/1222,irrelevant,,,
https://github.com/unic/neba/pull/273,irrelevant,,,
https://github.com/JakeWharton/butterknife/pull/59,irrelevant,,,
https://github.com/JakeWharton/butterknife/pull/35,irrelevant,,,
https://github.com/thorntail/thorntail/pull/133,irrelevant,,,
https://github.com/linkedin/ambry/pull/938,irrelevant,,,
https://github.com/pentaho/pentaho-metaverse/pull/602,incl_ref_for_test,extract_method_for_override,,
https://github.com/pentaho/pentaho-kettle/pull/2000,irrelevant,,,
https://github.com/square/wire/pull/782,irrelevant,,,
https://github.com/pentaho/pentaho-kettle/pull/854,irrelevant,,,
https://github.com/enonic/xp/pull/2224,irrelevant,,,
https://github.com/palantir/atlasdb/pull/3660,irrelevant,,,
https://github.com/square/okhttp/pull/71,irrelevant,,,
https://github.com/k9mail/k-9/pull/1307,irrelevant,,,
https://github.com/line/armeria/pull/1971,irrelevant,,,
https://github.com/qos-ch/logback/pull/401,irrelevant,,,
https://github.com/apache/kafka/pull/3574,irrelevant,,,
https://github.com/graknlabs/grakn/pull/2498,irrelevant,,,
https://github.com/bugsnag/bugsnag-android/pull/295,irrelevant,,,
https://github.com/arangodb/arangodb-java-driver/pull/276,irrelevant,,,
https://github.com/atlasapi/atlas/pull/1355,irrelevant,,,
https://github.com/mybatis/mybatis-3/pull/1068,irrelevant,,,
https://github.com/getsentry/sentry-java/pull/24,irrelevant,,,
https://github.com/NationalSecurityAgency/datawave/pull/675,irrelevant,,,
https://github.com/apache/rocketmq/pull/582,irrelevant,,,
https://github.com/grpc/grpc-java/pull/7533,irrelevant,,,
https://github.com/Netflix/titus-control-plane/pull/769,irrelevant,,,
https://github.com/zsmartsystems/com.zsmartsystems.zigbee/pull/154,irrelevant,,,
https://github.com/dropwizard/metrics/pull/1566,irrelevant,,,
https://github.com/java-native-access/jna/pull/446,irrelevant,,,
https://github.com/Terracotta-OSS/terracotta-core/pull/182,irrelevant,,,
https://github.com/apache/druid/pull/2878,incl_ref_for_test,extract_attribute_for_assertion,indexing-service/src/main/java/io/druid/indexing/overlord/RemoteTaskRunner.java,
https://github.com/azkaban/azkaban/pull/1366,irrelevant,,,
https://github.com/Terracotta-OSS/terracotta-core/pull/703,irrelevant,,,
https://github.com/apache/druid/pull/1760,irrelevant,,,
https://github.com/apache/tinkerpop/pull/226,irrelevant,,,
https://github.com/apache/kafka/pull/3140,irrelevant,,,
https://github.com/grpc/grpc-java/pull/792,irrelevant,,,
https://github.com/Alluxio/alluxio/pull/3783,only_ref_for_test,extract_class_for_override,core/common/src/main/java/alluxio/heartbeat/SleepingTimer.java,
https://github.com/apache/druid/pull/3943,irrelevant,,,
https://github.com/apache/maven/pull/13,irrelevant,,,
https://github.com/everit-org/json-schema/pull/384,irrelevant,,,
https://github.com/apache/storm/pull/1673,irrelevant,,,
https://github.com/togglz/togglz/pull/339,irrelevant,,,
https://github.com/apache/kafka/pull/2389,irrelevant,,,
https://github.com/apache/camel/pull/445,irrelevant,,,
https://github.com/square/wire/pull/11,irrelevant,,,
https://github.com/azkaban/azkaban/pull/1760,irrelevant,,,
https://github.com/camunda/camunda-bpm-spring-boot-starter/pull/79,irrelevant,,,
https://github.com/apache/attic-apex-core/pull/563,irrelevant,,,
https://github.com/apache/skywalking/pull/4995,irrelevant,,,
https://github.com/antlr/antlr4/pull/1945,irrelevant,,,
https://github.com/Sage-Bionetworks/Synapse-Repository-Services/pull/704,irrelevant,,,
https://github.com/Adobe-Consulting-Services/acs-aem-commons/pull/1088,incl_ref_for_test,extract_class_for_override,,
https://github.com/Adobe-Consulting-Services/acs-aem-commons/pull/1088,incl_ref_for_test,extract_attribute_for_assertion,,
https://github.com/enonic/xp/pull/4019,incl_ref_for_test,extract_class_for_invocation,modules/core/core-content/src/main/java/com/enonic/xp/core/impl/content/ContentOutboundDependenciesIdsResolver.java,
https://github.com/census-instrumentation/opencensus-java/pull/199,irrelevant,,,
https://github.com/apache/commons-text/pull/25,irrelevant,,,
https://github.com/apache/kafka/pull/5007,irrelevant,,,
https://github.com/jcabi/jcabi-http/pull/83,irrelevant,,,
https://github.com/GoogleCloudPlatform/cloud-opensource-java/pull/808,irrelevant,,,
https://github.com/jenkinsci/jira-plugin/pull/161,irrelevant,,,
https://github.com/jchambers/pushy/pull/599,irrelevant,,,
https://github.com/knowm/XChange/pull/988,irrelevant,,,
https://github.com/windup/windup/pull/1395,irrelevant,,,
https://github.com/pentaho/pentaho-platform-plugin-reporting/pull/384,irrelevant,,,
https://github.com/mockito/mockito/pull/983,irrelevant,,,
https://github.com/folio-org/okapi/pull/1009,irrelevant,,,
https://github.com/folio-org/okapi/pull/828,irrelevant,,,
https://github.com/WPIRoboticsProjects/GRIP/pull/52,irrelevant,,,
https://github.com/rsksmart/rskj/pull/1330,irrelevant,,,
https://github.com/Graylog2/graylog2-server/pull/5589,incl_ref_for_test,extract_method_for_override,graylog2-server/src/main/java/org/graylog/plugins/pipelineprocessor/db/RuleService.java,
https://github.com/microsoft/appcenter-sdk-android/pull/1351,incl_ref_for_test,other,sdk/appcenter-distribute/src/main/java/com/microsoft/appcenter/distribute/Distribute.java,
https://github.com/apache/maven/pull/123,irrelevant,,,
https://github.com/apache/zeppelin/pull/1769,incl_ref_for_test,extract_method_for_invocation,zeppelin-interpreter/src/main/java/org/apache/zeppelin/dep/Booter.java,
https://github.com/enonic/xp/pull/3979,irrelevant,,,
https://github.com/GoogleCloudPlatform/google-cloud-eclipse/pull/909,incl_ref_for_test,extract_attribute_for_assertion,plugins/com.google.cloud.tools.eclipse.appengine.ui/src/com/google/cloud/tools/eclipse/appengine/ui/AppEngineLibrariesSelectorGroup.java,
https://github.com/apache/maven/pull/121,irrelevant,,,
https://github.com/SonarSource/sonar-java/pull/1238,irrelevant,,,
https://github.com/zsmartsystems/com.zsmartsystems.zigbee/pull/432,irrelevant,,,
https://github.com/web3j/web3j/pull/787,irrelevant,,,
https://github.com/eclipse/jetty.project/pull/2493,irrelevant,,,
https://github.com/grpc/grpc-java/pull/4649,irrelevant,,,
https://github.com/Netflix/titus-control-plane/pull/197,irrelevant,,,
https://github.com/HaraldWalker/user-agent-utils/pull/78,irrelevant,,,
https://github.com/HaraldWalker/user-agent-utils/pull/112,irrelevant,,,
https://github.com/yegor256/takes/pull/539,only_ref_for_test,extract_class_for_invocation,src/main/java/org/takes/misc/Socket.java,
https://github.com/k9mail/k-9/pull/567,irrelevant,,,
https://github.com/commons-app/apps-android-commons/pull/2184,irrelevant,,,
https://github.com/dropwizard/dropwizard/pull/2925,irrelevant,,,
https://github.com/zsmartsystems/com.zsmartsystems.zigbee/pull/322,irrelevant,,,
https://github.com/spotify/docker-client/pull/306,irrelevant,,,
https://github.com/zsmartsystems/com.zsmartsystems.zigbee/pull/483,incl_ref_for_test,other,com.zsmartsystems.zigbee/src/main/java/com/zsmartsystems/zigbee/ZigBeeNetworkManager.java,
https://github.com/ConsenSys/tessera/pull/156,incl_ref_for_test,add_constructor_param,nexus-socket/src/main/java/com/github/nexus/socket/SocketServer.java,
https://github.com/WPIRoboticsProjects/GRIP/pull/30,irrelevant,,,
https://github.com/geoserver/geoserver/pull/3234,irrelevant,,,
https://github.com/eclipse-vertx/vert.x/pull/3107,irrelevant,,,
https://github.com/grpc/grpc-java/pull/4345,irrelevant,,,
https://github.com/grpc/grpc-java/pull/3969,irrelevant,,,
https://github.com/jitsi/ice4j/pull/92,irrelevant,,,
https://github.com/rsksmart/rskj/pull/729,irrelevant,,,
https://github.com/GoogleCloudPlatform/appengine-plugins-core/pull/520,irrelevant,,,
https://github.com/zsmartsystems/com.zsmartsystems.zigbee/pull/672,irrelevant,,,
https://github.com/GoogleCloudPlatform/google-cloud-eclipse/pull/247,irrelevant,,,
https://github.com/ConsenSys/tessera/pull/346,irrelevant,,,
https://github.com/Sage-Bionetworks/Synapse-Repository-Services/pull/3284,irrelevant,,,
https://github.com/eclipse/jetty.project/pull/3365,irrelevant,,,
https://github.com/jenkinsci/ec2-plugin/pull/447,irrelevant,,,
https://github.com/dropwizard/dropwizard/pull/2317,irrelevant,create_constructor,dropwizard-logging/src/test/java/io/dropwizard/logging/TcpServer.java,
https://github.com/linkedin/ambry/pull/1601,irrelevant,,,
https://github.com/floodlight/floodlight/pull/60,irrelevant,,,
https://github.com/stellar/java-stellar-sdk/pull/202,irrelevant,,,
https://github.com/linkedin/ambry/pull/1611,irrelevant,,,
https://github.com/square/okhttp/pull/2850,irrelevant,,,
https://github.com/confluentinc/ksql/pull/2837,irrelevant,,,
https://github.com/square/okhttp/pull/2875,irrelevant,,,
https://github.com/zeromq/jzmq/pull/162,irrelevant,,,
https://github.com/GoogleCloudPlatform/google-cloud-eclipse/pull/2402,incl_ref_for_test,widen_access_for_invocation,plugins/com.google.cloud.tools.eclipse.projectselector/src/com/google/cloud/tools/eclipse/projectselector/ProjectsProvider.java,
https://github.com/yegor256/cactoos/pull/701,irrelevant,,src/main/java/org/cactoos/io/LengthOf.java,
https://github.com/line/armeria/pull/2152,irrelevant,,,
https://github.com/apache/druid/pull/4293,incl_ref_for_test,extract_attribute_for_assertion,extensions-core/lookups-cached-global/src/main/java/io/druid/query/lookup/NamespaceLookupExtractorFactory.java,
https://github.com/Netflix/spectator/pull/790,irrelevant,,,
https://github.com/jenkinsci/script-security-plugin/pull/31,irrelevant,,src/main/java/org/jenkinsci/plugins/scriptsecurity/sandbox/groovy/SandboxInterceptor.java,
https://github.com/azkaban/azkaban/pull/1428,irrelevant,,,
